nursingchartcelltypecat,nursingchartcelltypevallabel,nursingchartcelltypevalname,record_count,standard_domain,standard_metric,ai_reason,mapping_status,mapping_source
Vital Signs,Heart Rate,Heart Rate,179078,,,,PENDING,
Vital Signs,Respiratory Rate,Respiratory Rate,168437,,,,PENDING,
Vital Signs,Non-Invasive BP,Non-Invasive BP Systolic,146050,,,,PENDING,
Vital Signs,Non-Invasive BP,Non-Invasive BP Diastolic,146049,,,,PENDING,
Vital Signs,O2 Saturation,O2 Saturation,133112,,,,PENDING,
Vital Signs,Non-Invasive BP,Non-Invasive BP Mean,118301,,,,PENDING,
Vital Signs,Temperature,Temperature (F),61880,,,,PENDING,
Vital Signs,Temperature,Temperature (C),61880,,,,PENDING,
Vital Signs,Temperature,Temperature Location,41459,,,,PENDING,
Scores,Glasgow coma score,GCS Total,27046,,,,PENDING,
Vital Signs,Invasive BP,Invasive BP Systolic,26434,,,,PENDING,
Vital Signs,Invasive BP,Invasive BP Diastolic,26431,,,,PENDING,
Vital Signs,Invasive BP,Invasive BP Mean,23829,,,,PENDING,
Scores,Glasgow coma score,Eyes,23490,,,,PENDING,
Scores,Glasgow coma score,Motor,23468,,,,PENDING,
Scores,Glasgow coma score,Verbal,23337,,,,PENDING,
Scores,Pain Score/Goal,Pain Score,22264,,,,PENDING,
Vital Signs,O2 L/%,O2 L/%,20137,,,,PENDING,
Vital Signs,CVP,CVP,14271,,,,PENDING,
Vital Signs and Infusions,Bedside Glucose,Bedside Glucose,12837,,,,PENDING,
Vital Signs,O2 Admin Device,O2 Admin Device,11978,,,,PENDING,
Scores,Sedation Scale/Score/Goal,Sedation Scale,11884,,,,PENDING,
Scores,Sedation Scale/Score/Goal,Sedation Score,11646,,,,PENDING,
Scores,Pain Score/Goal,Pain Goal,9071,,,,PENDING,
Other Vital Signs and Infusions,Pulse,Value,7737,,,,PENDING,
Other Vital Signs and Infusions,P.O.,Value,7043,,,,PENDING,
Other Vital Signs and Infusions,MAP (mmHg),Value,6467,,,,PENDING,
Other Vital Signs and Infusions,Best Verbal Response,Value,5711,,,,PENDING,
Other Vital Signs and Infusions,Best Motor Response,Value,5708,,,,PENDING,
Other Vital Signs and Infusions,Best Eye Response,Value,5080,,,,PENDING,
Other Vital Signs and Infusions,Pain Assessment,Value,5014,,,,PENDING,
Other Vital Signs and Infusions,Pulse Ox  Mode,Value,4752,,,,PENDING,
Other Vital Signs and Infusions,Score (Glasgow Coma Scale),Value,4511,,,,PENDING,
Scores,Sedation Scale/Score/Goal,Sedation Goal,3919,,,,PENDING,
Other Vital Signs and Infusions,Level of Assistance,Value,3459,,,,PENDING,
Other Vital Signs and Infusions,Patient s Comfort/Function (Pain) GOAL At Rest,Value,3397,,,,PENDING,
Other Vital Signs and Infusions,Arterial Line MAP (mmHg),Value,3149,,,,PENDING,
Other Vital Signs and Infusions,Mental Status Assessment,Value,3078,,,,PENDING,
Other Vital Signs and Infusions,Respiratory Assessment,Value,2994,,,,PENDING,
Other Vital Signs and Infusions,Neurological Assessment,Value,2989,,,,PENDING,
Other Vital Signs and Infusions,SpO2,Value,2976,,,,PENDING,
Other Vital Signs and Infusions,CV/ PV Assessment,Value,2921,,,,PENDING,
Other Vital Signs and Infusions,Gastrointestinal Assessment,Value,2872,,,,PENDING,
Other Vital Signs and Infusions,Integumentary Assessment,Value,2862,,,,PENDING,
Other Vital Signs and Infusions,Genitourinary Assessment,Value,2827,,,,PENDING,
Other Vital Signs and Infusions,"Eye, Ear, Nose, Throat Assessment",Value,2760,,,,PENDING,
Scores,Delirium Scale/Score,Delirium Score,2732,,,,PENDING,
Scores,Delirium Scale/Score,Delirium Scale,2732,,,,PENDING,
Other Vital Signs and Infusions,Musculoskeletal Assessment,Value,2718,,,,PENDING,
Vital Signs,End Tidal CO2,End Tidal CO2,2691,,,,PENDING,
Other Vital Signs and Infusions,Pain Present,Value,2658,,,,PENDING,
Other Vital Signs and Infusions,RASS,Value,2112,,,,PENDING,
Invasive,PA,PA Systolic,2032,,,,PENDING,
Invasive,PA,PA Diastolic,2032,,,,PENDING,
Invasive,PA,PA Mean,2008,,,,PENDING,
Other Vital Signs and Infusions,SEDATION SCORE,Value,1857,,,,PENDING,
Vital Signs,ICP,ICP,1843,,,,PENDING,
Other Vital Signs and Infusions,Eye Opening,Value,1671,,,,PENDING,
Invasive,CI,CI,1650,,,,PENDING,
Other Vital Signs and Infusions,Symptoms of Delirium Present,Value,1611,,,,PENDING,
Invasive,CO,CO,1271,,,,PENDING,
Other Vital Signs and Infusions,Verbal Response,Value,1249,,,,PENDING,
Other Vital Signs and Infusions,Motor Response,Value,1248,,,,PENDING,
SVO2,SVO2,SVO2,980,,,,PENDING,
Invasive,SVR,SVR,823,,,,PENDING,
Scores,Fall Risk,Fall Risk,804,,,,PENDING,
Vital Signs,CPP,CPP,585,,,,PENDING,
Other Vital Signs and Infusions,CVP (mmHg),Value,402,,,,PENDING,
Invasive,SVRI,SVRI,259,,,,PENDING,
Vital Signs and Infusions,Electrolyte Replacement,Electrolyte Replacement,249,,,,PENDING,
ECG,ECG (secs),QRS,233,,,,PENDING,
Invasive,PVR,PVR,224,,,,PENDING,
Invasive,SV,SV,221,,,,PENDING,
ECG,ECG (secs),QT,221,,,,PENDING,
Vital Signs,PA,PA Mean,213,,,,PENDING,
Vital Signs,PA,PA Diastolic,212,,,,PENDING,
Vital Signs,PA,PA Systolic,212,,,,PENDING,
ECG,ECG (secs),PR,204,,,,PENDING,
Vital Signs,SV,SV,147,,,,PENDING,
ECG,ECG (secs),QTc,118,,,,PENDING,
Invasive,SVO2,SVO2,57,,,,PENDING,
Invasive,PVRI,PVRI,53,,,,PENDING,
Vital Signs,CO,CO,50,,,,PENDING,
Vital Signs,SVO2,SVO2,42,,,,PENDING,
Vital Signs,CI,CI,41,,,,PENDING,
Invasive,PAOP,PAOP,32,,,,PENDING,
Vital Signs,SVR,SVR,29,,,,PENDING,
Vital Signs,SVRI,SVRI,24,,,,PENDING,
Vital Signs,PVR,PVR,6,,,,PENDING,
Vital Signs,PAOP,PAOP,6,,,,PENDING,
Vital Signs,PVRI,PVRI,6,,,,PENDING,
